date,day,commits,cumulative
2026-03-06,0,1,1
2026-03-07,1,0,1
2026-03-08,2,0,1
2026-03-09,3,0,1
2026-03-10,4,3,4
2026-03-11,5,17,21
2026-03-12,6,15,36
2026-03-13,7,21,57
2026-03-14,8,1,58
2026-03-15,9,0,58
2026-03-16,10,14,72
2026-03-17,11,12,84
2026-03-18,12,9,93
2026-03-19,13,9,102
2026-03-20,14,6,108
2026-03-21,15,0,108
2026-03-22,16,1,109
2026-03-23,17,0,109
2026-03-24,18,2,111
2026-03-25,19,7,118
2026-03-26,20,14,132
2026-03-27,21,9,141
2026-03-28,22,0,141
2026-03-29,23,0,141
2026-03-30,24,5,146
2026-03-31,25,11,157
2026-04-01,26,8,165
2026-04-02,27,12,177
2026-04-03,28,8,185
2026-04-04,29,0,185
2026-04-05,30,0,185
2026-04-06,31,9,194
2026-04-07,32,7,201
2026-04-08,33,11,212
2026-04-09,34,7,219
2026-04-10,35,5,224
2026-04-11,36,0,224
2026-04-12,37,0,224
2026-04-13,38,4,228
2026-04-14,39,11,239
2026-04-15,40,8,247
2026-04-16,41,15,262
2026-04-17,42,6,268
2026-04-18,43,0,268
2026-04-19,44,0,268
2026-04-20,45,12,280
2026-04-21,46,12,292
2026-04-22,47,8,300
2026-04-23,48,1,301
2026-04-24,49,10,311
2026-04-25,50,3,314
2026-04-26,51,0,314
2026-04-27,52,13,327
2026-04-28,53,11,338
2026-04-29,54,7,345
2026-04-30,55,8,353
2026-05-01,56,21,374
2026-05-02,57,9,383
2026-05-03,58,12,395
2026-05-04,59,16,411
2026-05-05,60,17,428
2026-05-06,61,3,431
2026-05-07,62,0,431
2026-05-08,63,1,432
2026-05-09,64,0,432
2026-05-10,65,0,432
2026-05-11,66,10,442
2026-05-12,67,11,453
2026-05-13,68,7,460
2026-05-14,69,23,483
2026-05-15,70,9,492
2026-05-16,71,0,492
2026-05-17,72,0,492
2026-05-18,73,15,507
2026-05-19,74,12,519
2026-05-20,75,11,530
2026-05-21,76,12,542
2026-05-22,77,16,558
2026-05-23,78,0,558
2026-05-24,79,0,558
2026-05-25,80,9,567
2026-05-26,81,13,580
2026-05-27,82,15,595
2026-05-28,83,18,613
2026-05-29,84,16,629
2026-05-30,85,0,629
2026-05-31,86,0,629
2026-06-01,87,18,647
2026-06-02,88,18,665
2026-06-03,89,19,684
2026-06-04,90,15,699
2026-06-05,91,15,714
2026-06-06,92,0,714
2026-06-07,93,0,714
2026-06-08,94,12,726
2026-06-09,95,16,742
2026-06-10,96,12,754
2026-06-11,97,23,777
2026-06-12,98,22,799
2026-06-13,99,0,799
2026-06-14,100,0,799
2026-06-15,101,20,819
2026-06-16,102,9,828
2026-06-17,103,14,842
2026-06-18,104,18,860
2026-06-19,105,20,880
2026-06-20,106,0,880
2026-06-21,107,0,880
2026-06-22,108,11,891
2026-06-23,109,13,904
2026-06-24,110,21,925
2026-06-25,111,22,947
2026-06-26,112,7,954
2026-06-27,113,0,954
2026-06-28,114,0,954
2026-06-29,115,1,955
2026-06-30,116,9,964
2026-07-01,117,10,974
2026-07-02,118,8,982
2026-07-03,119,4,986
2026-07-04,120,3,989
2026-07-05,121,1,990
2026-07-06,122,14,1004
2026-07-07,123,12,1016
2026-07-08,124,18,1034
2026-07-09,125,9,1043
2026-07-10,126,30,1073
2026-07-11,127,5,1078
2026-07-12,128,0,1078
2026-07-13,129,7,1085
2026-07-14,130,10,1095
2026-07-15,131,12,1107
2026-07-16,132,0,1107
2026-07-17,133,2,1109
2026-07-18,134,0,1109
2026-07-19,135,0,1109
2026-07-20,136,4,1113
2026-07-21,137,14,1127
2026-07-22,138,7,1134
2026-07-23,139,12,1146
2026-07-24,140,0,1146
2026-07-25,141,0,1146
2026-07-26,142,0,1146
2026-07-27,143,4,1150
2026-07-28,144,18,1168
2026-07-29,145,2,1170
2026-07-30,146,5,1175
2026-07-31,147,3,1178
2026-08-01,148,0,1178
2026-08-02,149,0,1178
2026-08-03,150,12,1190
2026-08-04,151,15,1205
2026-08-05,152,8,1213
2026-08-06,153,5,1218
2026-08-07,154,7,1225
2026-08-08,155,14,1239
2026-08-09,156,3,1242
2026-08-10,157,8,1250
2026-08-11,158,7,1257
2026-08-12,159,4,1261
2026-08-13,160,2,1263
2026-08-14,161,7,1270
2026-08-15,162,0,1270
2026-08-16,163,0,1270
2026-08-17,164,2,1272
2026-08-18,165,1,1273
2026-08-19,166,2,1275
2026-08-20,167,6,1281
2026-08-21,168,6,1287
